match_id,venue,match_date,first_innings_score
335982,M Chinnaswamy Stadium,2008-04-18,222
335983,"Punjab Cricket Association Stadium, Mohali",2008-04-19,240
335984,Feroz Shah Kotla,2008-04-19,129
335985,Wankhede Stadium,2008-04-20,165
335986,Eden Gardens,2008-04-20,110
335987,Sawai Mansingh Stadium,2008-04-21,166
335988,"Rajiv Gandhi International Stadium, Uppal",2008-04-22,142
335989,"MA Chidambaram Stadium, Chepauk",2008-04-23,208
335990,"Rajiv Gandhi International Stadium, Uppal",2008-04-24,214
335991,"Punjab Cricket Association Stadium, Mohali",2008-04-25,182
335992,M Chinnaswamy Stadium,2008-04-26,135
335993,"MA Chidambaram Stadium, Chepauk",2008-04-26,147
335994,Dr DY Patil Sports Academy,2008-04-27,154
335995,"Punjab Cricket Association Stadium, Mohali",2008-04-27,158
335996,M Chinnaswamy Stadium,2008-04-28,178
335997,Eden Gardens,2008-04-29,137
335998,Feroz Shah Kotla,2008-04-30,191
335999,"Rajiv Gandhi International Stadium, Uppal",2008-05-01,164
336000,Sawai Mansingh Stadium,2008-05-01,196
336001,"MA Chidambaram Stadium, Chepauk",2008-05-02,169
336034,M Chinnaswamy Stadium,2008-05-03,156
336003,"Punjab Cricket Association Stadium, Mohali",2008-05-03,178
336004,Dr DY Patil Sports Academy,2008-05-04,162
336005,Sawai Mansingh Stadium,2008-05-04,109
336006,M Chinnaswamy Stadium,2008-05-05,126
336007,"MA Chidambaram Stadium, Chepauk",2008-05-06,144
336008,Dr DY Patil Sports Academy,2008-05-07,103
336009,Feroz Shah Kotla,2008-05-08,187
336010,Eden Gardens,2008-05-08,129
336011,Sawai Mansingh Stadium,2008-05-09,140
336013,"MA Chidambaram Stadium, Chepauk",2008-05-10,181
336014,"Rajiv Gandhi International Stadium, Uppal",2008-05-11,204
336015,Sawai Mansingh Stadium,2008-05-11,156
336016,"Punjab Cricket Association Stadium, Mohali",2008-05-12,143
336017,Eden Gardens,2008-05-13,133
336018,Wankhede Stadium,2008-05-14,156
336020,Feroz Shah Kotla,2008-05-15,194
336021,Wankhede Stadium,2008-05-16,67
336022,Feroz Shah Kotla,2008-05-17,118
336023,Sawai Mansingh Stadium,2008-05-17,197
336024,"Rajiv Gandhi International Stadium, Uppal",2008-05-18,178
336025,Eden Gardens,2008-05-18,149
336026,M Chinnaswamy Stadium,2008-05-19,154
336027,Eden Gardens,2008-05-20,147
336028,Wankhede Stadium,2008-05-21,189
336029,"MA Chidambaram Stadium, Chepauk",2008-05-21,126
336031,"Punjab Cricket Association Stadium, Mohali",2008-05-23,175
336033,"MA Chidambaram Stadium, Chepauk",2008-05-24,211
336032,Feroz Shah Kotla,2008-05-24,176
336035,Eden Gardens,2008-05-25,174
336002,"Rajiv Gandhi International Stadium, Uppal",2008-05-25,165
336036,Sawai Mansingh Stadium,2008-05-26,145
336037,"Rajiv Gandhi International Stadium, Uppal",2008-05-27,147
336012,M Chinnaswamy Stadium,2008-05-28,122
336019,"Punjab Cricket Association Stadium, Mohali",2008-05-28,221
336038,Wankhede Stadium,2008-05-30,192
336039,Wankhede Stadium,2008-05-31,112
336040,Dr DY Patil Sports Academy,2008-06-01,163
392182,Newlands,2009-04-18,133
392181,Newlands,2009-04-18,165
392183,Newlands,2009-04-19,104
392184,Newlands,2009-04-19,101
392185,St George's Park,2009-04-20,179
392186,Kingsmead,2009-04-21,158
392188,Newlands,2009-04-22,184
392189,Kingsmead,2009-04-23,189
392191,Kingsmead,2009-04-24,168
392192,Kingsmead,2009-04-25,168
392195,Newlands,2009-04-26,139
392194,St George's Park,2009-04-26,149
392197,St George's Park,2009-04-27,187
392196,Kingsmead,2009-04-27,165
392198,SuperSport Park,2009-04-28,143
392199,Kingsmead,2009-04-29,139
392200,Kingsmead,2009-04-29,119
392201,SuperSport Park,2009-04-30,148
392202,SuperSport Park,2009-04-30,164
392203,Buffalo Park,2009-05-01,148
392204,Kingsmead,2009-05-01,145
392205,St George's Park,2009-05-02,141
392206,New Wanderers Stadium,2009-05-02,163
392207,St George's Park,2009-05-03,153
392208,New Wanderers Stadium,2009-05-03,149
392209,Buffalo Park,2009-05-04,178
392210,Kingsmead,2009-05-05,211
392211,Kingsmead,2009-05-05,154
392212,SuperSport Park,2009-05-06,145
392214,SuperSport Park,2009-05-07,185
392213,SuperSport Park,2009-05-07,105
392215,Buffalo Park,2009-05-08,116
392216,De Beers Diamond Oval,2009-05-09,168
392217,De Beers Diamond Oval,2009-05-09,140
392218,St George's Park,2009-05-10,157
392219,New Wanderers Stadium,2009-05-10,123
392220,De Beers Diamond Oval,2009-05-11,166
392222,SuperSport Park,2009-05-12,119
392221,SuperSport Park,2009-05-12,173
392223,Kingsmead,2009-05-13,173
392224,Kingsmead,2009-05-14,129
392225,Kingsmead,2009-05-14,145
392226,OUTsurance Oval,2009-05-15,120
392227,St George's Park,2009-05-16,147
392228,New Wanderers Stadium,2009-05-16,160
392230,OUTsurance Oval,2009-05-17,150
392229,New Wanderers Stadium,2009-05-17,134
392231,SuperSport Park,2009-05-18,188
392232,New Wanderers Stadium,2009-05-19,134
392233,Kingsmead,2009-05-20,101
392234,Kingsmead,2009-05-20,116
392235,SuperSport Park,2009-05-21,165
392236,SuperSport Park,2009-05-21,170
392237,SuperSport Park,2009-05-22,153
392238,New Wanderers Stadium,2009-05-23,146
392239,New Wanderers Stadium,2009-05-24,143
419106,Dr DY Patil Sports Academy,2010-03-12,161
419108,"Punjab Cricket Association Stadium, Mohali",2010-03-13,142
419107,Brabourne Stadium,2010-03-13,212
419109,Eden Gardens,2010-03-14,135
419110,"MA Chidambaram Stadium, Chepauk",2010-03-14,190
419111,"Sardar Patel Stadium, Motera",2010-03-15,141
419112,M Chinnaswamy Stadium,2010-03-16,203
419113,Eden Gardens,2010-03-16,164
419114,Feroz Shah Kotla,2010-03-17,218
419115,M Chinnaswamy Stadium,2010-03-18,92
419117,Barabati Stadium,2010-03-19,170
419116,Feroz Shah Kotla,2010-03-19,185
419118,"Sardar Patel Stadium, Motera",2010-03-20,168
419119,Brabourne Stadium,2010-03-20,151
419120,Barabati Stadium,2010-03-21,171
419122,Brabourne Stadium,2010-03-22,155
419123,M Chinnaswamy Stadium,2010-03-23,171
419124,"Punjab Cricket Association Stadium, Mohali",2010-03-24,183
419125,"Brabourne Stadium, Mumbai",2010-03-25,180
419128,M Chinnaswamy Stadium,2010-03-25,183
419126,"Sardar Patel Stadium, Motera",2010-03-26,148
419127,"Punjab Cricket Association Stadium, Mohali",2010-03-27,183
419129,"Sardar Patel Stadium, Motera",2010-03-28,177
419130,Dr DY Patil Sports Academy,2010-03-28,172
419131,Feroz Shah Kotla,2010-03-29,177
419132,Brabourne Stadium,2010-03-30,163
419133,"MA Chidambaram Stadium, Chepauk",2010-03-31,161
419134,Feroz Shah Kotla,2010-03-31,188
419135,Eden Gardens,2010-04-01,181
419136,"Punjab Cricket Association Stadium, Mohali",2010-04-02,181
419137,"MA Chidambaram Stadium, Chepauk",2010-04-03,246
419138,Brabourne Stadium,2010-04-03,178
419139,Eden Gardens,2010-04-04,200
419140,Feroz Shah Kotla,2010-04-04,184
419141,"Vidarbha Cricket Association Stadium, Jamtha",2010-04-05,159
419142,"MA Chidambaram Stadium, Chepauk",2010-04-06,165
419144,Eden Gardens,2010-04-07,181
419143,Sawai Mansingh Stadium,2010-04-07,153
419145,M Chinnaswamy Stadium,2010-04-08,184
419146,"Punjab Cricket Association Stadium, Mohali",2010-04-09,154
419147,"Vidarbha Cricket Association Stadium, Jamtha",2010-04-10,138
419148,M Chinnaswamy Stadium,2010-04-10,160
419149,Feroz Shah Kotla,2010-04-11,111
419150,Sawai Mansingh Stadium,2010-04-11,174
419151,"Vidarbha Cricket Association Stadium, Jamtha",2010-04-12,151
419153,"MA Chidambaram Stadium, Chepauk",2010-04-13,139
419152,Brabourne Stadium,2010-04-13,183
419154,Sawai Mansingh Stadium,2010-04-14,130
419155,"MA Chidambaram Stadium, Chepauk",2010-04-15,112
419156,Himachal Pradesh Cricket Association Stadium,2010-04-16,174
419157,M Chinnaswamy Stadium,2010-04-17,191
419158,Eden Gardens,2010-04-17,132
419159,Himachal Pradesh Cricket Association Stadium,2010-04-18,192
419160,Feroz Shah Kotla,2010-04-18,145
419161,Eden Gardens,2010-04-19,133
419162,Dr DY Patil Sports Academy,2010-04-21,184
419163,Dr DY Patil Sports Academy,2010-04-22,142
419164,Dr DY Patil Sports Academy,2010-04-24,82
419165,Dr DY Patil Sports Academy,2010-04-25,168
501198,"MA Chidambaram Stadium, Chepauk",2011-04-08,153
501199,"Rajiv Gandhi International Stadium, Uppal",2011-04-09,137
501200,Nehru Stadium,2011-04-09,161
501202,Dr DY Patil Sports Academy,2011-04-10,112
501201,Feroz Shah Kotla,2011-04-10,95
501203,Eden Gardens,2011-04-11,163
501204,Sawai Mansingh Stadium,2011-04-12,151
501205,M Chinnaswamy Stadium,2011-04-12,140
501206,"Punjab Cricket Association Stadium, Mohali",2011-04-13,188
501207,Dr DY Patil Sports Academy,2011-04-13,148
501208,"Rajiv Gandhi International Stadium, Uppal",2011-04-14,175
501210,Wankhede Stadium,2011-04-15,182
501209,Sawai Mansingh Stadium,2011-04-15,159
501211,"MA Chidambaram Stadium, Chepauk",2011-04-16,183
501212,"Rajiv Gandhi International Stadium, Uppal",2011-04-16,165
501213,Dr DY Patil Sports Academy,2011-04-17,187
501214,Eden Gardens,2011-04-17,81
501215,Nehru Stadium,2011-04-18,131
501216,Feroz Shah Kotla,2011-04-19,168
501218,Wankhede Stadium,2011-04-20,118
501219,Eden Gardens,2011-04-20,132
501220,"Punjab Cricket Association Stadium, Mohali",2011-04-21,195
501221,Wankhede Stadium,2011-04-22,164
501222,Eden Gardens,2011-04-22,171
501223,Feroz Shah Kotla,2011-04-23,231
501224,"Rajiv Gandhi International Stadium, Uppal",2011-04-24,172
501225,Sawai Mansingh Stadium,2011-04-24,109
501226,"MA Chidambaram Stadium, Chepauk",2011-04-25,142
501227,Feroz Shah Kotla,2011-04-26,160
501228,Dr DY Patil Sports Academy,2011-04-27,141
501229,Nehru Stadium,2011-04-27,129
501230,Feroz Shah Kotla,2011-04-28,148
501231,Sawai Mansingh Stadium,2011-04-29,94
501232,M Chinnaswamy Stadium,2011-04-29,181
501233,Nehru Stadium,2011-04-30,157
501234,Eden Gardens,2011-04-30,119
501235,Sawai Mansingh Stadium,2011-05-01,143
501236,"MA Chidambaram Stadium, Chepauk",2011-05-01,165
501237,Wankhede Stadium,2011-05-02,159
501238,Feroz Shah Kotla,2011-05-02,140
501239,"Rajiv Gandhi International Stadium, Uppal",2011-05-03,169
501240,"MA Chidambaram Stadium, Chepauk",2011-05-04,147
501241,Dr DY Patil Sports Academy,2011-05-04,160
501242,Nehru Stadium,2011-05-05,156
501243,"Rajiv Gandhi International Stadium, Uppal",2011-05-05,175
501244,M Chinnaswamy Stadium,2011-05-06,205
501245,Eden Gardens,2011-05-07,114
501246,Wankhede Stadium,2011-05-07,178
501248,"Punjab Cricket Association Stadium, Mohali",2011-05-08,119
501247,M Chinnaswamy Stadium,2011-05-08,125
501249,Sawai Mansingh Stadium,2011-05-09,196
501250,"Rajiv Gandhi International Stadium, Uppal",2011-05-10,136
501251,"Punjab Cricket Association Stadium, Mohali",2011-05-10,163
501252,Sawai Mansingh Stadium,2011-05-11,146
501253,"MA Chidambaram Stadium, Chepauk",2011-05-12,176
501254,Holkar Cricket Stadium,2011-05-13,178
501256,Wankhede Stadium,2011-05-14,135
501255,M Chinnaswamy Stadium,2011-05-14,89
501258,Holkar Cricket Stadium,2011-05-15,97
501257,Himachal Pradesh Cricket Association Stadium,2011-05-15,170
501259,Dr DY Patil Sports Academy,2011-05-16,136
501260,Himachal Pradesh Cricket Association Stadium,2011-05-17,232
501261,"MA Chidambaram Stadium, Chepauk",2011-05-18,152
501262,Dr DY Patil Sports Academy,2011-05-19,118
501263,Wankhede Stadium,2011-05-20,133
501264,Himachal Pradesh Cricket Association Stadium,2011-05-21,198
501266,M Chinnaswamy Stadium,2011-05-22,128
501267,Eden Gardens,2011-05-22,175
501268,Wankhede Stadium,2011-05-24,175
501269,Wankhede Stadium,2011-05-25,147
501270,"MA Chidambaram Stadium, Chepauk",2011-05-27,185
501271,"MA Chidambaram Stadium, Chepauk",2011-05-28,205
548306,"MA Chidambaram Stadium, Chepauk",2012-04-04,112
548307,Eden Gardens,2012-04-05,97
548308,Wankhede Stadium,2012-04-06,129
548309,Sawai Mansingh Stadium,2012-04-06,191
548311,Dr. Y.S. Rajasekhara Reddy ACA-VDCA Cricket Stadium,2012-04-07,193
548310,M Chinnaswamy Stadium,2012-04-07,157
548312,Sawai Mansingh Stadium,2012-04-08,164
548313,Subrata Roy Sahara Stadium,2012-04-08,166
548314,Dr. Y.S. Rajasekhara Reddy ACA-VDCA Cricket Stadium,2012-04-09,138
548315,M Chinnaswamy Stadium,2012-04-10,165
548316,Feroz Shah Kotla,2012-04-10,110
548317,Wankhede Stadium,2012-04-11,197
548318,"MA Chidambaram Stadium, Chepauk",2012-04-12,205
548319,"Punjab Cricket Association Stadium, Mohali",2012-04-12,115
548320,Eden Gardens,2012-04-13,131
548322,Subrata Roy Sahara Stadium,2012-04-14,155
548323,Eden Gardens,2012-04-15,134
548324,M Chinnaswamy Stadium,2012-04-15,195
548325,Wankhede Stadium,2012-04-16,92
548327,M Chinnaswamy Stadium,2012-04-17,182
548326,Sawai Mansingh Stadium,2012-04-17,196
548328,"Punjab Cricket Association Stadium, Mohali",2012-04-18,124
548330,"MA Chidambaram Stadium, Chepauk",2012-04-19,164
548321,Feroz Shah Kotla,2012-04-19,157
548331,"Punjab Cricket Association Stadium, Mohali",2012-04-20,163
548332,"MA Chidambaram Stadium, Chepauk",2012-04-21,146
548333,Feroz Shah Kotla,2012-04-21,192
548334,Wankhede Stadium,2012-04-22,163
548335,Barabati Stadium,2012-04-22,126
548336,Sawai Mansingh Stadium,2012-04-23,189
548337,Subrata Roy Sahara Stadium,2012-04-24,146
548339,"Punjab Cricket Association Stadium, Mohali",2012-04-25,168
548341,Subrata Roy Sahara Stadium,2012-04-26,177
548342,Feroz Shah Kotla,2012-04-27,207
548343,"MA Chidambaram Stadium, Chepauk",2012-04-28,156
548344,Eden Gardens,2012-04-28,190
548345,Feroz Shah Kotla,2012-04-29,152
548346,Wankhede Stadium,2012-04-29,100
548347,"MA Chidambaram Stadium, Chepauk",2012-04-30,139
548349,Sawai Mansingh Stadium,2012-05-01,141
548348,Barabati Stadium,2012-05-01,186
548350,M Chinnaswamy Stadium,2012-05-02,158
548351,Subrata Roy Sahara Stadium,2012-05-03,120
548352,"MA Chidambaram Stadium, Chepauk",2012-05-04,160
548353,Eden Gardens,2012-05-05,150
548354,"Punjab Cricket Association Stadium, Mohali",2012-05-05,177
548355,Wankhede Stadium,2012-05-06,173
548356,M Chinnaswamy Stadium,2012-05-06,181
548357,Feroz Shah Kotla,2012-05-07,153
548358,Subrata Roy Sahara Stadium,2012-05-08,125
548359,"Rajiv Gandhi International Stadium, Uppal",2012-05-08,170
548360,Wankhede Stadium,2012-05-09,141
548329,"Rajiv Gandhi International Stadium, Uppal",2012-05-10,187
548361,Sawai Mansingh Stadium,2012-05-10,126
548362,Subrata Roy Sahara Stadium,2012-05-11,173
548363,Eden Gardens,2012-05-12,182
548364,"MA Chidambaram Stadium, Chepauk",2012-05-12,114
548366,"Punjab Cricket Association Stadium, Mohali",2012-05-13,190
548365,Sawai Mansingh Stadium,2012-05-13,170
548367,M Chinnaswamy Stadium,2012-05-14,171
548368,Eden Gardens,2012-05-14,158
548369,Feroz Shah Kotla,2012-05-15,136
548370,Wankhede Stadium,2012-05-16,140
548371,Himachal Pradesh Cricket Association Stadium,2012-05-17,120
548372,Feroz Shah Kotla,2012-05-17,215
548373,"Rajiv Gandhi International Stadium, Uppal",2012-05-18,126
548374,Himachal Pradesh Cricket Association Stadium,2012-05-19,141
548375,Subrata Roy Sahara Stadium,2012-05-19,136
548376,"Rajiv Gandhi International Stadium, Uppal",2012-05-20,132
548377,Sawai Mansingh Stadium,2012-05-20,162
548378,Subrata Roy Sahara Stadium,2012-05-22,162
548379,M Chinnaswamy Stadium,2012-05-23,187
548380,"MA Chidambaram Stadium, Chepauk",2012-05-25,222
548381,"MA Chidambaram Stadium, Chepauk",2012-05-27,190
597998,Eden Gardens,2013-04-03,128
597999,M Chinnaswamy Stadium,2013-04-04,156
598000,"Rajiv Gandhi International Stadium, Uppal",2013-04-05,126
598001,Feroz Shah Kotla,2013-04-06,165
598002,"MA Chidambaram Stadium, Chepauk",2013-04-06,148
598003,Subrata Roy Sahara Stadium,2013-04-07,99
598005,Sawai Mansingh Stadium,2013-04-08,144
598048,M Chinnaswamy Stadium,2013-04-09,161
598006,Wankhede Stadium,2013-04-09,209
598007,"Punjab Cricket Association Stadium, Mohali",2013-04-10,138
598008,M Chinnaswamy Stadium,2013-04-11,154
598009,Subrata Roy Sahara Stadium,2013-04-11,145
598010,Feroz Shah Kotla,2013-04-12,114
598011,Wankhede Stadium,2013-04-13,183
598012,"MA Chidambaram Stadium, Chepauk",2013-04-13,165
598013,Eden Gardens,2013-04-14,180
598014,Sawai Mansingh Stadium,2013-04-14,124
598015,"MA Chidambaram Stadium, Chepauk",2013-04-15,159
598016,"Punjab Cricket Association Stadium, Mohali",2013-04-16,157
598018,Maharashtra Cricket Association Stadium,2013-04-17,119
598019,Sawai Mansingh Stadium,2013-04-17,179
598020,Feroz Shah Kotla,2013-04-18,169
598021,"Rajiv Gandhi International Stadium, Uppal",2013-04-19,123
598022,Eden Gardens,2013-04-20,119
598023,M Chinnaswamy Stadium,2013-04-20,117
598025,"Punjab Cricket Association Stadium, Mohali",2013-04-21,185
598024,Feroz Shah Kotla,2013-04-21,161
598026,"MA Chidambaram Stadium, Chepauk",2013-04-22,185
598027,M Chinnaswamy Stadium,2013-04-23,263
598059,Feroz Shah Kotla,2013-04-23,120
598029,Eden Gardens,2013-04-24,159
598030,"MA Chidambaram Stadium, Chepauk",2013-04-25,159
598031,Eden Gardens,2013-04-26,149
598032,Sawai Mansingh Stadium,2013-04-27,144
598033,Wankhede Stadium,2013-04-27,194
598034,"MA Chidambaram Stadium, Chepauk",2013-04-28,200
598035,Shaheed Veer Narayan Singh International Stadium,2013-04-28,164
598037,Wankhede Stadium,2013-04-29,174
598036,Sawai Mansingh Stadium,2013-04-29,171
598038,Subrata Roy Sahara Stadium,2013-04-30,164
598040,Shaheed Veer Narayan Singh International Stadium,2013-05-01,136
598039,"Rajiv Gandhi International Stadium, Uppal",2013-05-01,129
598041,"MA Chidambaram Stadium, Chepauk",2013-05-02,186
598042,Subrata Roy Sahara Stadium,2013-05-02,187
598043,Eden Gardens,2013-05-03,132
598044,"Rajiv Gandhi International Stadium, Uppal",2013-05-04,80
598046,Wankhede Stadium,2013-05-05,139
598047,Sawai Mansingh Stadium,2013-05-05,178
598064,"Punjab Cricket Association Stadium, Mohali",2013-05-06,190
598049,Sawai Mansingh Stadium,2013-05-07,154
598050,Wankhede Stadium,2013-05-07,170
598051,"Rajiv Gandhi International Stadium, Uppal",2013-05-08,223
598052,"Punjab Cricket Association Stadium, Mohali",2013-05-09,145
598053,Subrata Roy Sahara Stadium,2013-05-09,152
598054,Feroz Shah Kotla,2013-05-10,183
598056,"Punjab Cricket Association Stadium, Mohali",2013-05-11,150
598055,Subrata Roy Sahara Stadium,2013-05-11,112
598057,JSCA International Stadium Complex,2013-05-12,115
598058,Sawai Mansingh Stadium,2013-05-12,141
598060,Wankhede Stadium,2013-05-13,178
598045,M Chinnaswamy Stadium,2013-05-14,174
598062,"MA Chidambaram Stadium, Chepauk",2013-05-14,168
598061,JSCA International Stadium Complex,2013-05-15,170
598063,Wankhede Stadium,2013-05-15,166
598028,Himachal Pradesh Cricket Association Stadium,2013-05-16,171
598065,"Rajiv Gandhi International Stadium, Uppal",2013-05-17,136
598066,Himachal Pradesh Cricket Association Stadium,2013-05-18,183
598068,M Chinnaswamy Stadium,2013-05-18,106
598067,Subrata Roy Sahara Stadium,2013-05-19,172
598069,"Rajiv Gandhi International Stadium, Uppal",2013-05-19,130
598070,Feroz Shah Kotla,2013-05-21,192
598071,Feroz Shah Kotla,2013-05-22,132
598072,Eden Gardens,2013-05-24,165
598073,Eden Gardens,2013-05-26,148
729279,Sheikh Zayed Stadium,2014-04-16,163
729281,Sharjah Cricket Stadium,2014-04-17,145
729283,Sheikh Zayed Stadium,2014-04-18,205
729285,Sheikh Zayed Stadium,2014-04-18,133
729287,Dubai International Cricket Stadium,2014-04-19,115
729289,Dubai International Cricket Stadium,2014-04-19,166
729291,Sharjah Cricket Stadium,2014-04-20,191
729293,Sheikh Zayed Stadium,2014-04-21,177
729295,Sharjah Cricket Stadium,2014-04-22,193
729297,Dubai International Cricket Stadium,2014-04-23,140
729299,Sharjah Cricket Stadium,2014-04-24,150
729301,Dubai International Cricket Stadium,2014-04-25,184
729303,Dubai International Cricket Stadium,2014-04-25,141
729305,Sheikh Zayed Stadium,2014-04-26,70
729307,Sheikh Zayed Stadium,2014-04-26,132
729309,Sharjah Cricket Stadium,2014-04-27,125
729311,Sharjah Cricket Stadium,2014-04-27,145
729313,Dubai International Cricket Stadium,2014-04-28,124
729317,Dubai International Cricket Stadium,2014-04-30,172
733971,JSCA International Stadium Complex,2014-05-02,148
733973,Wankhede Stadium,2014-05-03,168
733975,Feroz Shah Kotla,2014-05-03,152
733977,M Chinnaswamy Stadium,2014-05-04,155
733979,"Sardar Patel Stadium, Motera",2014-05-05,170
733981,Feroz Shah Kotla,2014-05-05,178
733983,Wankhede Stadium,2014-05-06,187
733987,Barabati Stadium,2014-05-07,231
733985,Feroz Shah Kotla,2014-05-07,160
733989,"Sardar Patel Stadium, Motera",2014-05-08,134
733991,M Chinnaswamy Stadium,2014-05-09,198
733993,Feroz Shah Kotla,2014-05-10,143
733995,Wankhede Stadium,2014-05-10,157
733997,Barabati Stadium,2014-05-11,149
733999,M Chinnaswamy Stadium,2014-05-11,190
734001,"Rajiv Gandhi International Stadium, Uppal",2014-05-12,157
734005,M Chinnaswamy Stadium,2014-05-13,186
734003,JSCA International Stadium Complex,2014-05-13,148
734007,"Rajiv Gandhi International Stadium, Uppal",2014-05-14,205
734009,Barabati Stadium,2014-05-14,141
734011,"Sardar Patel Stadium, Motera",2014-05-15,201
734013,JSCA International Stadium Complex,2014-05-18,138
734015,"Rajiv Gandhi International Stadium, Uppal",2014-05-18,142
734017,"Sardar Patel Stadium, Motera",2014-05-19,178
734019,Feroz Shah Kotla,2014-05-19,164
734023,Eden Gardens,2014-05-20,154
734021,"Rajiv Gandhi International Stadium, Uppal",2014-05-20,160
734025,"Punjab Cricket Association Stadium, Mohali",2014-05-21,156
734027,Eden Gardens,2014-05-22,195
734029,JSCA International Stadium Complex,2014-05-22,185
734031,Wankhede Stadium,2014-05-23,173
734033,"Punjab Cricket Association Stadium, Mohali",2014-05-23,179
734037,Eden Gardens,2014-05-24,160
734035,M Chinnaswamy Stadium,2014-05-24,154
734041,Wankhede Stadium,2014-05-25,189
734039,"Punjab Cricket Association Stadium, Mohali",2014-05-25,115
734043,Eden Gardens,2014-05-27,163
734045,Brabourne Stadium,2014-05-28,173
734047,Wankhede Stadium,2014-05-30,226
734049,M Chinnaswamy Stadium,2014-06-01,199
829705,Eden Gardens,2015-04-08,168
829707,"MA Chidambaram Stadium, Chepauk",2015-04-09,150
829709,Maharashtra Cricket Association Stadium,2015-04-10,162
829711,"MA Chidambaram Stadium, Chepauk",2015-04-11,209
829713,Eden Gardens,2015-04-11,177
829715,Feroz Shah Kotla,2015-04-12,184
829717,Wankhede Stadium,2015-04-12,177
829719,M Chinnaswamy Stadium,2015-04-13,166
829721,"Sardar Patel Stadium, Motera",2015-04-14,164
829725,Maharashtra Cricket Association Stadium,2015-04-15,165
829727,Dr. Y.S. Rajasekhara Reddy ACA-VDCA Cricket Stadium,2015-04-16,127
829729,Wankhede Stadium,2015-04-17,183
829731,Dr. Y.S. Rajasekhara Reddy ACA-VDCA Cricket Stadium,2015-04-18,167
829733,Maharashtra Cricket Association Stadium,2015-04-18,155
829735,"Sardar Patel Stadium, Motera",2015-04-19,156
829737,M Chinnaswamy Stadium,2015-04-19,209
829739,Feroz Shah Kotla,2015-04-20,146
829743,Dr. Y.S. Rajasekhara Reddy ACA-VDCA Cricket Stadium,2015-04-22,176
829745,M Chinnaswamy Stadium,2015-04-22,181
829747,Feroz Shah Kotla,2015-04-23,190
829749,"Sardar Patel Stadium, Motera",2015-04-24,130
829751,Wankhede Stadium,2015-04-25,157
829753,"MA Chidambaram Stadium, Chepauk",2015-04-25,192
829757,Feroz Shah Kotla,2015-04-26,95
829759,"Punjab Cricket Association Stadium, Mohali",2015-04-27,150
829765,"MA Chidambaram Stadium, Chepauk",2015-04-28,134
829723,Eden Gardens,2015-04-30,165
829769,Wankhede Stadium,2015-05-01,187
829767,Feroz Shah Kotla,2015-05-01,118
829771,M Chinnaswamy Stadium,2015-05-02,111
829773,"Rajiv Gandhi International Stadium, Uppal",2015-05-02,192
829775,"Punjab Cricket Association Stadium, Mohali",2015-05-03,172
829777,Brabourne Stadium,2015-05-03,189
829779,"MA Chidambaram Stadium, Chepauk",2015-05-04,148
829781,Eden Gardens,2015-05-04,167
829783,Wankhede Stadium,2015-05-05,152
829785,M Chinnaswamy Stadium,2015-05-06,226
829787,Brabourne Stadium,2015-05-07,201
829761,Eden Gardens,2015-05-07,171
829789,"MA Chidambaram Stadium, Chepauk",2015-05-08,158
829791,Eden Gardens,2015-05-09,183
829793,Shaheed Veer Narayan Singh International Stadium,2015-05-09,163
829795,Wankhede Stadium,2015-05-10,235
829797,"MA Chidambaram Stadium, Chepauk",2015-05-10,157
829799,"Rajiv Gandhi International Stadium, Uppal",2015-05-11,185
829801,Shaheed Veer Narayan Singh International Stadium,2015-05-12,119
829803,"Punjab Cricket Association Stadium, Mohali",2015-05-13,106
829805,Wankhede Stadium,2015-05-14,171
829807,"Rajiv Gandhi International Stadium, Uppal",2015-05-15,135
829809,"Punjab Cricket Association Stadium, Mohali",2015-05-16,130
829811,Brabourne Stadium,2015-05-16,199
829815,"Rajiv Gandhi International Stadium, Uppal",2015-05-17,113
829817,Wankhede Stadium,2015-05-19,187
829819,Maharashtra Cricket Association Stadium,2015-05-20,180
829821,JSCA International Stadium Complex,2015-05-22,139
829823,Eden Gardens,2015-05-24,202
980901,Wankhede Stadium,2016-04-09,121
980903,Eden Gardens,2016-04-10,98
980905,"Punjab Cricket Association IS Bindra Stadium, Mohali",2016-04-11,161
980907,M Chinnaswamy Stadium,2016-04-12,227
980909,Eden Gardens,2016-04-13,187
980911,Saurashtra Cricket Association Stadium,2016-04-14,163
980913,Feroz Shah Kotla,2016-04-15,111
980915,"Rajiv Gandhi International Stadium, Uppal",2016-04-16,142
980917,Wankhede Stadium,2016-04-16,143
980921,M Chinnaswamy Stadium,2016-04-17,191
980919,"Punjab Cricket Association IS Bindra Stadium, Mohali",2016-04-17,152
980923,"Rajiv Gandhi International Stadium, Uppal",2016-04-18,142
980925,"Punjab Cricket Association IS Bindra Stadium, Mohali",2016-04-19,138
980927,Wankhede Stadium,2016-04-20,170
980929,Saurashtra Cricket Association Stadium,2016-04-21,135
980931,Maharashtra Cricket Association Stadium,2016-04-22,185
980933,Feroz Shah Kotla,2016-04-23,164
980935,"Rajiv Gandhi International Stadium, Uppal",2016-04-23,143
980937,Saurashtra Cricket Association Stadium,2016-04-24,180
980939,Maharashtra Cricket Association Stadium,2016-04-24,160
980941,"Punjab Cricket Association IS Bindra Stadium, Mohali",2016-04-25,189
980943,"Rajiv Gandhi International Stadium, Uppal",2016-04-26,118
980945,Feroz Shah Kotla,2016-04-27,172
980947,Wankhede Stadium,2016-04-28,174
980949,Maharashtra Cricket Association Stadium,2016-04-29,195
980953,"Rajiv Gandhi International Stadium, Uppal",2016-04-30,194
980951,Feroz Shah Kotla,2016-04-30,186
980957,Maharashtra Cricket Association Stadium,2016-05-01,159
980955,Saurashtra Cricket Association Stadium,2016-05-01,154
980959,M Chinnaswamy Stadium,2016-05-02,185
980961,Saurashtra Cricket Association Stadium,2016-05-03,149
980963,Eden Gardens,2016-05-04,164
980965,Feroz Shah Kotla,2016-05-05,162
980967,"Rajiv Gandhi International Stadium, Uppal",2016-05-06,126
980969,M Chinnaswamy Stadium,2016-05-07,191
980971,"Punjab Cricket Association IS Bindra Stadium, Mohali",2016-05-07,181
980975,Eden Gardens,2016-05-08,158
980973,Dr. Y.S. Rajasekhara Reddy ACA-VDCA Cricket Stadium,2016-05-08,177
980977,"Punjab Cricket Association IS Bindra Stadium, Mohali",2016-05-09,175
980979,Dr. Y.S. Rajasekhara Reddy ACA-VDCA Cricket Stadium,2016-05-10,137
980981,M Chinnaswamy Stadium,2016-05-11,151
980983,"Rajiv Gandhi International Stadium, Uppal",2016-05-12,146
980985,Dr. Y.S. Rajasekhara Reddy ACA-VDCA Cricket Stadium,2016-05-13,124
980989,Eden Gardens,2016-05-14,103
980987,M Chinnaswamy Stadium,2016-05-14,248
980993,Dr. Y.S. Rajasekhara Reddy ACA-VDCA Cricket Stadium,2016-05-15,206
980991,"Punjab Cricket Association IS Bindra Stadium, Mohali",2016-05-15,179
980995,Eden Gardens,2016-05-16,183
980997,Dr. Y.S. Rajasekhara Reddy ACA-VDCA Cricket Stadium,2016-05-17,121
980999,M Chinnaswamy Stadium,2016-05-18,211
981001,Green Park,2016-05-19,124
981003,Shaheed Veer Narayan Singh International Stadium,2016-05-20,158
981005,Dr. Y.S. Rajasekhara Reddy ACA-VDCA Cricket Stadium,2016-05-21,172
981007,Green Park,2016-05-21,172
981009,Eden Gardens,2016-05-22,171
981011,Shaheed Veer Narayan Singh International Stadium,2016-05-22,138
981013,M Chinnaswamy Stadium,2016-05-24,158
981015,Feroz Shah Kotla,2016-05-25,162
981017,Feroz Shah Kotla,2016-05-27,162
981019,M Chinnaswamy Stadium,2016-05-29,208
1082591,"Rajiv Gandhi International Stadium, Uppal",2017-04-05,207
1082592,Maharashtra Cricket Association Stadium,2017-04-06,184
1082593,Saurashtra Cricket Association Stadium,2017-04-07,183
1082595,M.Chinnaswamy Stadium,2017-04-08,157
1082594,Holkar Cricket Stadium,2017-04-08,163
1082596,"Rajiv Gandhi International Stadium, Uppal",2017-04-09,135
1082597,Wankhede Stadium,2017-04-09,178
1082598,Holkar Cricket Stadium,2017-04-10,148
1082599,Maharashtra Cricket Association Stadium,2017-04-11,205
1082600,Wankhede Stadium,2017-04-12,158
1082601,Eden Gardens,2017-04-13,170
1082602,M Chinnaswamy Stadium,2017-04-14,142
1082603,Saurashtra Cricket Association Stadium,2017-04-14,171
1082604,Eden Gardens,2017-04-15,172
1082605,Feroz Shah Kotla,2017-04-15,188
1082606,Wankhede Stadium,2017-04-16,176
1082607,M Chinnaswamy Stadium,2017-04-16,161
1082608,Feroz Shah Kotla,2017-04-17,168
1082609,"Rajiv Gandhi International Stadium, Uppal",2017-04-17,159
1082610,Saurashtra Cricket Association Stadium,2017-04-18,213
1082611,"Rajiv Gandhi International Stadium, Uppal",2017-04-19,191
1082612,Holkar Cricket Stadium,2017-04-20,198
1082613,Eden Gardens,2017-04-21,187
1082614,Wankhede Stadium,2017-04-22,142
1082615,Maharashtra Cricket Association Stadium,2017-04-22,176
1082616,Saurashtra Cricket Association Stadium,2017-04-23,188
1082617,Eden Gardens,2017-04-23,131
1082618,Wankhede Stadium,2017-04-24,160
1082620,Maharashtra Cricket Association Stadium,2017-04-26,182
1082621,M Chinnaswamy Stadium,2017-04-27,134
1082622,Eden Gardens,2017-04-28,160
1082623,"Punjab Cricket Association IS Bindra Stadium, Mohali",2017-04-28,207
1082624,Maharashtra Cricket Association Stadium,2017-04-29,157
1082626,"Punjab Cricket Association IS Bindra Stadium, Mohali",2017-04-30,67
1082627,"Rajiv Gandhi International Stadium, Uppal",2017-04-30,209
1082628,Wankhede Stadium,2017-05-01,162
1082629,Maharashtra Cricket Association Stadium,2017-05-01,161
1082630,Feroz Shah Kotla,2017-05-02,185
1082631,Eden Gardens,2017-05-03,155
1082632,Feroz Shah Kotla,2017-05-04,208
1082633,M Chinnaswamy Stadium,2017-05-05,138
1082634,"Rajiv Gandhi International Stadium, Uppal",2017-05-06,148
1082635,Feroz Shah Kotla,2017-05-06,212
1082636,M Chinnaswamy Stadium,2017-05-07,158
1082637,"Punjab Cricket Association IS Bindra Stadium, Mohali",2017-05-07,189
1082638,"Rajiv Gandhi International Stadium, Uppal",2017-05-08,138
1082639,"Punjab Cricket Association IS Bindra Stadium, Mohali",2017-05-09,167
1082640,Green Park,2017-05-10,195
1082641,Wankhede Stadium,2017-05-11,230
1082642,Feroz Shah Kotla,2017-05-12,168
1082643,Green Park,2017-05-13,154
1082644,Eden Gardens,2017-05-13,173
1082645,Maharashtra Cricket Association Stadium,2017-05-14,73
1082646,Feroz Shah Kotla,2017-05-14,161
1082647,Wankhede Stadium,2017-05-16,162
1082648,M Chinnaswamy Stadium,2017-05-17,128
1082649,M Chinnaswamy Stadium,2017-05-19,107
1082650,"Rajiv Gandhi International Stadium, Uppal",2017-05-21,129
1136561,Wankhede Stadium,2018-04-07,165
1136562,Punjab Cricket Association IS Bindra Stadium,2018-04-08,166
1136563,Eden Gardens,2018-04-08,176
1136564,Rajiv Gandhi International Stadium,2018-04-09,125
1136565,MA Chidambaram Stadium,2018-04-10,202
1136566,Sawai Mansingh Stadium,2018-04-11,153
1136567,Rajiv Gandhi International Stadium,2018-04-12,147
1136568,M.Chinnaswamy Stadium,2018-04-13,155
1136569,Wankhede Stadium,2018-04-14,194
1136570,Eden Gardens,2018-04-14,138
1136571,M.Chinnaswamy Stadium,2018-04-15,217
1136572,Punjab Cricket Association IS Bindra Stadium,2018-04-15,197
1136573,Eden Gardens,2018-04-16,200
1136574,Wankhede Stadium,2018-04-17,213
1136575,Sawai Mansingh Stadium,2018-04-18,160
1136576,Punjab Cricket Association IS Bindra Stadium,2018-04-19,193
1136577,Maharashtra Cricket Association Stadium,2018-04-20,204
1136578,Eden Gardens,2018-04-21,191
1136579,M.Chinnaswamy Stadium,2018-04-21,174
1136580,Rajiv Gandhi International Stadium,2018-04-22,182
1136581,Sawai Mansingh Stadium,2018-04-22,167
1136582,Arun Jaitley Stadium,2018-04-23,143
1136583,Wankhede Stadium,2018-04-24,118
1136584,M.Chinnaswamy Stadium,2018-04-25,205
1136585,Rajiv Gandhi International Stadium,2018-04-26,132
1136586,Arun Jaitley Stadium,2018-04-27,219
1136587,Maharashtra Cricket Association Stadium,2018-04-28,169
1136588,Sawai Mansingh Stadium,2018-04-29,151
1136589,M.Chinnaswamy Stadium,2018-04-29,175
1136590,Maharashtra Cricket Association Stadium,2018-04-30,211
1136591,M.Chinnaswamy Stadium,2018-05-01,167
1136592,Arun Jaitley Stadium,2018-05-02,196
1136593,Eden Gardens,2018-05-03,177
1136594,Holkar Cricket Stadium,2018-05-04,174
1136595,Maharashtra Cricket Association Stadium,2018-05-05,127
1136596,Rajiv Gandhi International Stadium,2018-05-05,163
1136597,Wankhede Stadium,2018-05-06,181
1136598,Holkar Cricket Stadium,2018-05-06,152
1136599,Rajiv Gandhi International Stadium,2018-05-07,146
1136600,Sawai Mansingh Stadium,2018-05-08,158
1136601,Eden Gardens,2018-05-09,210
1136602,Arun Jaitley Stadium,2018-05-10,187
1136603,Sawai Mansingh Stadium,2018-05-11,176
1136604,Holkar Cricket Stadium,2018-05-12,245
1136605,Arun Jaitley Stadium,2018-05-12,181
1136606,Maharashtra Cricket Association Stadium,2018-05-13,179
1136607,Wankhede Stadium,2018-05-13,168
1136608,Holkar Cricket Stadium,2018-05-14,88
1136609,Eden Gardens,2018-05-15,142
1136610,Wankhede Stadium,2018-05-16,186
1136611,M.Chinnaswamy Stadium,2018-05-17,218
1136612,Arun Jaitley Stadium,2018-05-18,162
1136613,Sawai Mansingh Stadium,2018-05-19,164
1136614,Rajiv Gandhi International Stadium,2018-05-19,172
1136615,Arun Jaitley Stadium,2018-05-20,174
1136616,Maharashtra Cricket Association Stadium,2018-05-20,153
1136617,Wankhede Stadium,2018-05-22,139
1136618,Eden Gardens,2018-05-23,169
1136619,Eden Gardens,2018-05-25,174
1136620,Wankhede Stadium,2018-05-27,178
1175356,MA Chidambaram Stadium,2019-03-23,70
1175357,Eden Gardens,2019-03-24,181
1175358,Wankhede Stadium,2019-03-24,213
1175359,Sawai Mansingh Stadium,2019-03-25,184
1175360,Arun Jaitley Stadium,2019-03-26,147
1175361,Eden Gardens,2019-03-27,218
1175362,M.Chinnaswamy Stadium,2019-03-28,187
1175363,Rajiv Gandhi International Stadium,2019-03-29,198
1175364,Punjab Cricket Association IS Bindra Stadium,2019-03-30,176
1175367,MA Chidambaram Stadium,2019-03-31,175
1175366,Rajiv Gandhi International Stadium,2019-03-31,231
1175368,Punjab Cricket Association IS Bindra Stadium,2019-04-01,166
1175369,Sawai Mansingh Stadium,2019-04-02,158
1175370,Wankhede Stadium,2019-04-03,170
1175371,Arun Jaitley Stadium,2019-04-04,129
1175372,M.Chinnaswamy Stadium,2019-04-05,205
1178393,MA Chidambaram Stadium,2019-04-06,160
1178394,Rajiv Gandhi International Stadium,2019-04-06,136
1178395,M.Chinnaswamy Stadium,2019-04-07,149
1178396,Sawai Mansingh Stadium,2019-04-07,139
1178397,Punjab Cricket Association IS Bindra Stadium,2019-04-08,150
1178398,MA Chidambaram Stadium,2019-04-09,108
1178399,Wankhede Stadium,2019-04-10,197
1178400,Sawai Mansingh Stadium,2019-04-11,151
1178401,Eden Gardens,2019-04-12,178
1178402,Wankhede Stadium,2019-04-13,187
1178403,Punjab Cricket Association IS Bindra Stadium,2019-04-13,173
1178405,Rajiv Gandhi International Stadium,2019-04-14,155
1178404,Eden Gardens,2019-04-14,161
1178406,Wankhede Stadium,2019-04-15,171
1178407,Punjab Cricket Association IS Bindra Stadium,2019-04-16,182
1178408,Rajiv Gandhi International Stadium,2019-04-17,132
1178409,Arun Jaitley Stadium,2019-04-18,168
1178410,Eden Gardens,2019-04-19,213
1178411,Sawai Mansingh Stadium,2019-04-20,161
1178412,Arun Jaitley Stadium,2019-04-20,163
1178413,Rajiv Gandhi International Stadium,2019-04-21,159
1178414,M.Chinnaswamy Stadium,2019-04-21,161
1178415,Sawai Mansingh Stadium,2019-04-22,191
1178416,MA Chidambaram Stadium,2019-04-23,175
1178417,M.Chinnaswamy Stadium,2019-04-24,202
1178418,Eden Gardens,2019-04-25,175
1178419,MA Chidambaram Stadium,2019-04-26,155
1178420,Sawai Mansingh Stadium,2019-04-27,160
1178421,Arun Jaitley Stadium,2019-04-28,187
1178422,Eden Gardens,2019-04-28,232
1178423,Rajiv Gandhi International Stadium,2019-04-29,212
1178425,MA Chidambaram Stadium,2019-05-01,179
1178427,Punjab Cricket Association IS Bindra Stadium,2019-05-03,183
1178429,M.Chinnaswamy Stadium,2019-05-04,175
1178428,Arun Jaitley Stadium,2019-05-04,115
1178431,Wankhede Stadium,2019-05-05,133
1178430,Punjab Cricket Association IS Bindra Stadium,2019-05-05,170
1181764,MA Chidambaram Stadium,2019-05-07,131
1181766,Dr. Y.S. Rajasekhara Reddy ACA-VDCA Cricket Stadium,2019-05-08,162
1181767,Dr. Y.S. Rajasekhara Reddy ACA-VDCA Cricket Stadium,2019-05-10,147
1181768,Rajiv Gandhi International Stadium,2019-05-12,149
1216492,Sheikh Zayed Stadium,2020-09-19,162
1216534,Dubai International Cricket Stadium,2020-09-21,163
1216496,Sharjah Cricket Stadium,2020-09-22,216
1216508,Sheikh Zayed Stadium,2020-09-23,195
1216510,Dubai International Cricket Stadium,2020-09-24,206
1216539,Dubai International Cricket Stadium,2020-09-25,175
1216545,Sheikh Zayed Stadium,2020-09-26,142
1216527,Sharjah Cricket Stadium,2020-09-27,223
1216532,Sheikh Zayed Stadium,2020-09-29,162
1216504,Dubai International Cricket Stadium,2020-09-30,174
1216503,Sheikh Zayed Stadium,2020-10-01,191
1216516,Dubai International Cricket Stadium,2020-10-02,164
1216514,Sheikh Zayed Stadium,2020-10-03,154
1216515,Sharjah Cricket Stadium,2020-10-03,228
1216538,Sharjah Cricket Stadium,2020-10-04,208
1216513,Dubai International Cricket Stadium,2020-10-04,178
1216519,Dubai International Cricket Stadium,2020-10-05,196
1216511,Sheikh Zayed Stadium,2020-10-06,193
1216501,Sheikh Zayed Stadium,2020-10-07,167
1216542,Dubai International Cricket Stadium,2020-10-08,201
1216500,Sharjah Cricket Stadium,2020-10-09,184
1216525,Dubai International Cricket Stadium,2020-10-10,169
1216523,Sheikh Zayed Stadium,2020-10-10,164
1216507,Dubai International Cricket Stadium,2020-10-11,158
1216529,Sheikh Zayed Stadium,2020-10-11,162
1216540,Sharjah Cricket Stadium,2020-10-12,194
1216528,Dubai International Cricket Stadium,2020-10-13,167
1216543,Dubai International Cricket Stadium,2020-10-14,161
1216531,Sharjah Cricket Stadium,2020-10-15,171
1216526,Sheikh Zayed Stadium,2020-10-16,148
1216522,Dubai International Cricket Stadium,2020-10-17,177
1216509,Sharjah Cricket Stadium,2020-10-17,179
1216533,Sheikh Zayed Stadium,2020-10-19,125
1216546,Dubai International Cricket Stadium,2020-10-20,164
1216494,Sheikh Zayed Stadium,2020-10-21,84
1216518,Dubai International Cricket Stadium,2020-10-22,154
1216521,Sharjah Cricket Stadium,2020-10-23,114
1216497,Sheikh Zayed Stadium,2020-10-24,194
1216498,Dubai International Cricket Stadium,2020-10-24,126
1216541,Sheikh Zayed Stadium,2020-10-25,195
1216544,Dubai International Cricket Stadium,2020-10-25,145
1216520,Sharjah Cricket Stadium,2020-10-26,149
1216524,Dubai International Cricket Stadium,2020-10-27,219
1216499,Sheikh Zayed Stadium,2020-10-28,164
1216536,Dubai International Cricket Stadium,2020-10-29,172
1216537,Sheikh Zayed Stadium,2020-10-30,185
1216535,Dubai International Cricket Stadium,2020-10-31,110
1216502,Sharjah Cricket Stadium,2020-10-31,120
1216506,Sheikh Zayed Stadium,2020-11-01,153
1216530,Dubai International Cricket Stadium,2020-11-01,191
1216505,Sheikh Zayed Stadium,2020-11-02,152
1216495,Sharjah Cricket Stadium,2020-11-03,149
1237177,Dubai International Cricket Stadium,2020-11-05,200
1237178,Sheikh Zayed Stadium,2020-11-06,131
1237180,Sheikh Zayed Stadium,2020-11-08,189
1237181,Dubai International Cricket Stadium,2020-11-10,156
1254058,"MA Chidambaram Stadium, Chepauk, Chennai",2021-04-09,159
1254059,"Wankhede Stadium, Mumbai",2021-04-10,188
1254060,"MA Chidambaram Stadium, Chepauk, Chennai",2021-04-11,187
1254061,"Wankhede Stadium, Mumbai",2021-04-12,221
1254062,"MA Chidambaram Stadium, Chepauk, Chennai",2021-04-13,152
1254063,"MA Chidambaram Stadium, Chepauk, Chennai",2021-04-14,149
1254064,"Wankhede Stadium, Mumbai",2021-04-15,147
1254065,"Wankhede Stadium, Mumbai",2021-04-16,106
1254066,"MA Chidambaram Stadium, Chepauk, Chennai",2021-04-17,150
1254067,"MA Chidambaram Stadium, Chepauk, Chennai",2021-04-18,204
1254068,"Wankhede Stadium, Mumbai",2021-04-18,195
1254069,"Wankhede Stadium, Mumbai",2021-04-19,188
1254070,"MA Chidambaram Stadium, Chepauk, Chennai",2021-04-20,137
1254071,"MA Chidambaram Stadium, Chepauk, Chennai",2021-04-21,120
1254072,"Wankhede Stadium, Mumbai",2021-04-21,220
1254073,"Wankhede Stadium, Mumbai",2021-04-22,177
1254074,"MA Chidambaram Stadium, Chepauk, Chennai",2021-04-23,131
1254075,"Wankhede Stadium, Mumbai",2021-04-24,133
1254076,"Wankhede Stadium, Mumbai",2021-04-25,191
1254078,"Narendra Modi Stadium, Ahmedabad",2021-04-26,123
1254079,"Narendra Modi Stadium, Ahmedabad",2021-04-27,171
1254080,"Arun Jaitley Stadium, Delhi",2021-04-28,171
1254081,"Arun Jaitley Stadium, Delhi",2021-04-29,171
1254082,"Narendra Modi Stadium, Ahmedabad",2021-04-29,154
1254083,"Narendra Modi Stadium, Ahmedabad",2021-04-30,179
1254084,"Arun Jaitley Stadium, Delhi",2021-05-01,218
1254085,"Arun Jaitley Stadium, Delhi",2021-05-02,220
1254086,"Narendra Modi Stadium, Ahmedabad",2021-05-02,166
1254104,Dubai International Cricket Stadium,2021-09-19,156
1254087,"Zayed Cricket Stadium, Abu Dhabi",2021-09-20,92
1254111,Dubai International Cricket Stadium,2021-09-21,185
1254105,Dubai International Cricket Stadium,2021-09-22,134
1254096,"Zayed Cricket Stadium, Abu Dhabi",2021-09-23,155
1254113,Sharjah Cricket Stadium,2021-09-24,156
1254107,Sharjah Cricket Stadium,2021-09-25,125
1254097,"Zayed Cricket Stadium, Abu Dhabi",2021-09-25,154
1254108,Dubai International Cricket Stadium,2021-09-26,165
1254098,"Zayed Cricket Stadium, Abu Dhabi",2021-09-26,171
1254100,Dubai International Cricket Stadium,2021-09-27,164
1254099,"Zayed Cricket Stadium, Abu Dhabi",2021-09-28,135
1254092,Sharjah Cricket Stadium,2021-09-28,127
1254103,Dubai International Cricket Stadium,2021-09-29,149
1254091,Sharjah Cricket Stadium,2021-09-30,134
1254102,Dubai International Cricket Stadium,2021-10-01,165
1254089,"Zayed Cricket Stadium, Abu Dhabi",2021-10-02,189
1254112,Sharjah Cricket Stadium,2021-10-02,129
1254109,Dubai International Cricket Stadium,2021-10-03,115
1254090,Sharjah Cricket Stadium,2021-10-03,164
1254110,Dubai International Cricket Stadium,2021-10-04,136
1254093,Sharjah Cricket Stadium,2021-10-05,90
1254095,"Zayed Cricket Stadium, Abu Dhabi",2021-10-06,141
1254106,Sharjah Cricket Stadium,2021-10-07,171
1254094,Dubai International Cricket Stadium,2021-10-07,134
1254101,Dubai International Cricket Stadium,2021-10-08,164
1254088,"Zayed Cricket Stadium, Abu Dhabi",2021-10-08,235
1254114,Dubai International Cricket Stadium,2021-10-10,172
1254115,Sharjah Cricket Stadium,2021-10-11,138
1254116,Sharjah Cricket Stadium,2021-10-13,135
1254117,Dubai International Cricket Stadium,2021-10-15,192
1304047,"Wankhede Stadium, Mumbai",2022-03-26,131
1304048,"Brabourne Stadium, Mumbai",2022-03-27,177
1304049,"Dr DY Patil Sports Academy, Mumbai",2022-03-27,205
1304050,"Wankhede Stadium, Mumbai",2022-03-28,158
1304051,"Maharashtra Cricket Association Stadium, Pune",2022-03-29,210
1304052,"Dr DY Patil Sports Academy, Mumbai",2022-03-30,128
1304053,"Brabourne Stadium, Mumbai",2022-03-31,210
1304054,"Wankhede Stadium, Mumbai",2022-04-01,137
1304055,"Dr DY Patil Sports Academy, Mumbai",2022-04-02,193
1304056,"Maharashtra Cricket Association Stadium, Pune",2022-04-02,171
1304057,"Brabourne Stadium, Mumbai",2022-04-03,180
1304058,"Dr DY Patil Sports Academy, Mumbai",2022-04-04,169
1304059,"Wankhede Stadium, Mumbai",2022-04-05,169
1304060,"Maharashtra Cricket Association Stadium, Pune",2022-04-06,161
1304061,"Dr DY Patil Sports Academy, Mumbai",2022-04-07,149
1304062,"Brabourne Stadium, Mumbai",2022-04-08,189
1304064,"Maharashtra Cricket Association Stadium, Pune",2022-04-09,151
1304063,"Dr DY Patil Sports Academy, Mumbai",2022-04-09,154
1304065,"Brabourne Stadium, Mumbai",2022-04-10,215
1304066,"Wankhede Stadium, Mumbai",2022-04-10,165
1304067,"Dr DY Patil Sports Academy, Mumbai",2022-04-11,162
1304068,"Dr DY Patil Sports Academy, Mumbai",2022-04-12,216
1304069,"Maharashtra Cricket Association Stadium, Pune",2022-04-13,198
1304070,"Dr DY Patil Sports Academy, Mumbai",2022-04-14,192
1304071,"Brabourne Stadium, Mumbai",2022-04-15,175
1304072,"Brabourne Stadium, Mumbai",2022-04-16,199
1304073,"Wankhede Stadium, Mumbai",2022-04-16,189
1304074,"Dr DY Patil Sports Academy, Mumbai",2022-04-17,151
1304075,"Maharashtra Cricket Association Stadium, Pune",2022-04-17,169
1304076,"Brabourne Stadium, Mumbai",2022-04-18,217
1304077,"Dr DY Patil Sports Academy, Mumbai",2022-04-19,181
1304078,"Brabourne Stadium, Mumbai",2022-04-20,115
1304079,"Dr DY Patil Sports Academy, Mumbai",2022-04-21,155
1304080,"Wankhede Stadium, Mumbai",2022-04-22,222
1304082,"Brabourne Stadium, Mumbai",2022-04-23,68
1304081,"Dr DY Patil Sports Academy, Mumbai",2022-04-23,156
1304083,"Wankhede Stadium, Mumbai",2022-04-24,168
1304084,"Wankhede Stadium, Mumbai",2022-04-25,187
1304085,"Maharashtra Cricket Association Stadium, Pune",2022-04-26,144
1304086,"Wankhede Stadium, Mumbai",2022-04-27,195
1304087,"Wankhede Stadium, Mumbai",2022-04-28,146
1304088,"Maharashtra Cricket Association Stadium, Pune",2022-04-29,153
1304090,"Dr DY Patil Sports Academy, Mumbai",2022-04-30,158
1304089,"Brabourne Stadium, Mumbai",2022-04-30,170
1304091,"Wankhede Stadium, Mumbai",2022-05-01,195
1304092,"Maharashtra Cricket Association Stadium, Pune",2022-05-01,202
1304093,"Wankhede Stadium, Mumbai",2022-05-02,152
1304094,"Dr DY Patil Sports Academy, Mumbai",2022-05-03,143
1304095,"Maharashtra Cricket Association Stadium, Pune",2022-05-04,173
1304096,"Brabourne Stadium, Mumbai",2022-05-05,207
1304097,"Brabourne Stadium, Mumbai",2022-05-06,177
1304099,"Maharashtra Cricket Association Stadium, Pune",2022-05-07,176
1304098,"Wankhede Stadium, Mumbai",2022-05-07,189
1304100,"Wankhede Stadium, Mumbai",2022-05-08,192
1304101,"Dr DY Patil Sports Academy, Mumbai",2022-05-08,208
1304102,"Dr DY Patil Sports Academy, Mumbai",2022-05-09,165
1304103,"Maharashtra Cricket Association Stadium, Pune",2022-05-10,144
1304104,"Dr DY Patil Sports Academy, Mumbai",2022-05-11,160
1304105,"Wankhede Stadium, Mumbai",2022-05-12,97
1304106,"Brabourne Stadium, Mumbai",2022-05-13,209
1304107,"Maharashtra Cricket Association Stadium, Pune",2022-05-14,177
1304108,"Wankhede Stadium, Mumbai",2022-05-15,133
1304109,"Brabourne Stadium, Mumbai",2022-05-15,178
1304110,"Dr DY Patil Sports Academy, Mumbai",2022-05-16,159
1304111,"Wankhede Stadium, Mumbai",2022-05-17,193
1304112,"Dr DY Patil Sports Academy, Mumbai",2022-05-18,210
1304113,"Wankhede Stadium, Mumbai",2022-05-19,168
1304114,"Brabourne Stadium, Mumbai",2022-05-20,150
1304115,"Wankhede Stadium, Mumbai",2022-05-21,159
1304116,"Wankhede Stadium, Mumbai",2022-05-22,157
1312197,"Eden Gardens, Kolkata",2022-05-24,188
1312198,"Eden Gardens, Kolkata",2022-05-25,207
1312199,"Narendra Modi Stadium, Ahmedabad",2022-05-27,157
1312200,"Narendra Modi Stadium, Ahmedabad",2022-05-29,130
1359475,"Narendra Modi Stadium, Ahmedabad",2023-03-31,178
1359476,"Punjab Cricket Association IS Bindra Stadium, Mohali, Chandigarh",2023-04-01,191
1359477,"Bharat Ratna Shri Atal Bihari Vajpayee Ekana Cricket Stadium, Lucknow",2023-04-01,193
1359478,"Rajiv Gandhi International Stadium, Uppal, Hyderabad",2023-04-02,203
1359479,"M Chinnaswamy Stadium, Bengaluru",2023-04-02,171
1359480,"MA Chidambaram Stadium, Chepauk, Chennai",2023-04-03,217
1359481,"Arun Jaitley Stadium, Delhi",2023-04-04,162
1359482,"Barsapara Cricket Stadium, Guwahati",2023-04-05,197
1359483,"Eden Gardens, Kolkata",2023-04-06,204
1359484,"Bharat Ratna Shri Atal Bihari Vajpayee Ekana Cricket Stadium, Lucknow",2023-04-07,121
1359485,"Barsapara Cricket Stadium, Guwahati",2023-04-08,199
1359486,"Wankhede Stadium, Mumbai",2023-04-08,157
1359487,"Narendra Modi Stadium, Ahmedabad",2023-04-09,204
1359488,"Rajiv Gandhi International Stadium, Uppal, Hyderabad",2023-04-09,143
1359489,"M Chinnaswamy Stadium, Bengaluru",2023-04-10,212
1359490,"Arun Jaitley Stadium, Delhi",2023-04-11,172
1359491,"MA Chidambaram Stadium, Chepauk, Chennai",2023-04-12,175
1359492,"Punjab Cricket Association IS Bindra Stadium, Mohali, Chandigarh",2023-04-13,153
1359493,"Eden Gardens, Kolkata",2023-04-14,228
1359494,"M Chinnaswamy Stadium, Bengaluru",2023-04-15,174
1359495,"Bharat Ratna Shri Atal Bihari Vajpayee Ekana Cricket Stadium, Lucknow",2023-04-15,159
1359496,"Wankhede Stadium, Mumbai",2023-04-16,185
1359497,"Narendra Modi Stadium, Ahmedabad",2023-04-16,177
1359498,"M Chinnaswamy Stadium, Bengaluru",2023-04-17,226
1359499,"Rajiv Gandhi International Stadium, Uppal, Hyderabad",2023-04-18,192
1359500,"Sawai Mansingh Stadium, Jaipur",2023-04-19,154
1359501,"Punjab Cricket Association IS Bindra Stadium, Mohali, Chandigarh",2023-04-20,174
1359502,"Arun Jaitley Stadium, Delhi",2023-04-20,127
1359503,"MA Chidambaram Stadium, Chepauk, Chennai",2023-04-21,134
1359504,"Bharat Ratna Shri Atal Bihari Vajpayee Ekana Cricket Stadium, Lucknow",2023-04-22,135
1359505,"Wankhede Stadium, Mumbai",2023-04-22,214
1359507,"Eden Gardens, Kolkata",2023-04-23,235
1359506,"M Chinnaswamy Stadium, Bengaluru",2023-04-23,189
1359508,"Rajiv Gandhi International Stadium, Uppal, Hyderabad",2023-04-24,144
1359509,"Narendra Modi Stadium, Ahmedabad",2023-04-25,207
1359510,"M Chinnaswamy Stadium, Bengaluru",2023-04-26,200
1359511,"Sawai Mansingh Stadium, Jaipur",2023-04-27,202
1359512,"Punjab Cricket Association IS Bindra Stadium, Mohali, Chandigarh",2023-04-28,257
1359513,"Eden Gardens, Kolkata",2023-04-29,179
1359514,"Arun Jaitley Stadium, Delhi",2023-04-29,197
1359516,"Wankhede Stadium, Mumbai",2023-04-30,212
1359515,"MA Chidambaram Stadium, Chepauk, Chennai",2023-04-30,200
1359517,"Bharat Ratna Shri Atal Bihari Vajpayee Ekana Cricket Stadium, Lucknow",2023-05-01,126
1359518,"Narendra Modi Stadium, Ahmedabad",2023-05-02,130
1359520,"Punjab Cricket Association IS Bindra Stadium, Mohali, Chandigarh",2023-05-03,214
1359521,"Rajiv Gandhi International Stadium, Uppal, Hyderabad",2023-05-04,171
1359522,"Sawai Mansingh Stadium, Jaipur",2023-05-05,118
1359524,"Arun Jaitley Stadium, Delhi",2023-05-06,181
1359523,"MA Chidambaram Stadium, Chepauk, Chennai",2023-05-06,139
1359526,"Sawai Mansingh Stadium, Jaipur",2023-05-07,214
1359525,"Narendra Modi Stadium, Ahmedabad",2023-05-07,227
1359527,"Eden Gardens, Kolkata",2023-05-08,179
1359528,"Wankhede Stadium, Mumbai",2023-05-09,199
1359529,"MA Chidambaram Stadium, Chepauk, Chennai",2023-05-10,167
1359530,"Eden Gardens, Kolkata",2023-05-11,149
1359531,"Wankhede Stadium, Mumbai",2023-05-12,218
1359532,"Rajiv Gandhi International Stadium, Uppal, Hyderabad",2023-05-13,182
1359533,"Arun Jaitley Stadium, Delhi",2023-05-13,167
1359534,"Sawai Mansingh Stadium, Jaipur",2023-05-14,171
1359535,"MA Chidambaram Stadium, Chepauk, Chennai",2023-05-14,144
1359536,"Narendra Modi Stadium, Ahmedabad",2023-05-15,188
1359537,"Bharat Ratna Shri Atal Bihari Vajpayee Ekana Cricket Stadium, Lucknow",2023-05-16,177
1359538,"Himachal Pradesh Cricket Association Stadium, Dharamsala",2023-05-17,213
1359539,"Rajiv Gandhi International Stadium, Uppal, Hyderabad",2023-05-18,186
1359540,"Himachal Pradesh Cricket Association Stadium, Dharamsala",2023-05-19,187
1359542,"Eden Gardens, Kolkata",2023-05-20,176
1359541,"Arun Jaitley Stadium, Delhi",2023-05-20,223
1359543,"Wankhede Stadium, Mumbai",2023-05-21,200
1359544,"M Chinnaswamy Stadium, Bengaluru",2023-05-21,197
1370350,"MA Chidambaram Stadium, Chepauk, Chennai",2023-05-23,172
1370351,"MA Chidambaram Stadium, Chepauk, Chennai",2023-05-24,182
1370352,"Narendra Modi Stadium, Ahmedabad",2023-05-26,233
1370353,"Narendra Modi Stadium, Ahmedabad",2023-05-29,214
1422119,"MA Chidambaram Stadium, Chepauk, Chennai",2024-03-22,173
1422120,"Maharaja Yadavindra Singh International Cricket Stadium, Mullanpur",2024-03-23,174
1422121,"Eden Gardens, Kolkata",2024-03-23,208
1422122,"Sawai Mansingh Stadium, Jaipur",2024-03-24,193
1422123,"Narendra Modi Stadium, Ahmedabad",2024-03-24,168
1422124,"M Chinnaswamy Stadium, Bengaluru",2024-03-25,176
1422125,"MA Chidambaram Stadium, Chepauk, Chennai",2024-03-26,206
1422126,"Rajiv Gandhi International Stadium, Uppal, Hyderabad",2024-03-27,277
1422127,"Sawai Mansingh Stadium, Jaipur",2024-03-28,185
1422128,"M Chinnaswamy Stadium, Bengaluru",2024-03-29,182
1422129,"Bharat Ratna Shri Atal Bihari Vajpayee Ekana Cricket Stadium, Lucknow",2024-03-30,199
1422130,"Narendra Modi Stadium, Ahmedabad",2024-03-31,162
1422131,"Dr. Y.S. Rajasekhara Reddy ACA-VDCA Cricket Stadium, Visakhapatnam",2024-03-31,191
1422132,"Wankhede Stadium, Mumbai",2024-04-01,125
1422133,"M Chinnaswamy Stadium, Bengaluru",2024-04-02,181
1422134,"Dr. Y.S. Rajasekhara Reddy ACA-VDCA Cricket Stadium, Visakhapatnam",2024-04-03,272
1422135,"Narendra Modi Stadium, Ahmedabad",2024-04-04,199
1422136,"Rajiv Gandhi International Stadium, Uppal, Hyderabad",2024-04-05,165
1422137,"Sawai Mansingh Stadium, Jaipur",2024-04-06,183
1422139,"Bharat Ratna Shri Atal Bihari Vajpayee Ekana Cricket Stadium, Lucknow",2024-04-07,163
1422138,"Wankhede Stadium, Mumbai",2024-04-07,234
1426260,"MA Chidambaram Stadium, Chepauk, Chennai",2024-04-08,137
1426261,"Maharaja Yadavindra Singh International Cricket Stadium, Mullanpur",2024-04-09,182
1426262,"Sawai Mansingh Stadium, Jaipur",2024-04-10,196
1426263,"Wankhede Stadium, Mumbai",2024-04-11,196
1426264,"Bharat Ratna Shri Atal Bihari Vajpayee Ekana Cricket Stadium, Lucknow",2024-04-12,167
1426265,"Maharaja Yadavindra Singh International Cricket Stadium, Mullanpur",2024-04-13,147
1426267,"Wankhede Stadium, Mumbai",2024-04-14,206
1426266,"Eden Gardens, Kolkata",2024-04-14,161
1426268,"M Chinnaswamy Stadium, Bengaluru",2024-04-15,287
1426269,"Eden Gardens, Kolkata",2024-04-16,223
1426270,"Narendra Modi Stadium, Ahmedabad",2024-04-17,89
1426271,"Maharaja Yadavindra Singh International Cricket Stadium, Mullanpur",2024-04-18,192
1426272,"Bharat Ratna Shri Atal Bihari Vajpayee Ekana Cricket Stadium, Lucknow",2024-04-19,176
1426273,"Arun Jaitley Stadium, Delhi",2024-04-20,266
1426274,"Eden Gardens, Kolkata",2024-04-21,222
1426275,"Maharaja Yadavindra Singh International Cricket Stadium, Mullanpur",2024-04-21,142
1426276,"Sawai Mansingh Stadium, Jaipur",2024-04-22,179
1426277,"MA Chidambaram Stadium, Chepauk, Chennai",2024-04-23,210
1426278,"Arun Jaitley Stadium, Delhi",2024-04-24,224
1426279,"Rajiv Gandhi International Stadium, Uppal, Hyderabad",2024-04-25,206
1426280,"Eden Gardens, Kolkata",2024-04-26,261
1426281,"Arun Jaitley Stadium, Delhi",2024-04-27,257
1426282,"Bharat Ratna Shri Atal Bihari Vajpayee Ekana Cricket Stadium, Lucknow",2024-04-27,196
1426284,"MA Chidambaram Stadium, Chepauk, Chennai",2024-04-28,212
1426283,"Narendra Modi Stadium, Ahmedabad",2024-04-28,200
1426285,"Eden Gardens, Kolkata",2024-04-29,153
1426286,"Bharat Ratna Shri Atal Bihari Vajpayee Ekana Cricket Stadium, Lucknow",2024-04-30,144
1426287,"MA Chidambaram Stadium, Chepauk, Chennai",2024-05-01,162
1426288,"Rajiv Gandhi International Stadium, Uppal, Hyderabad",2024-05-02,201
1426289,"Wankhede Stadium, Mumbai",2024-05-03,169
1426290,"M Chinnaswamy Stadium, Bengaluru",2024-05-04,147
1426292,"Bharat Ratna Shri Atal Bihari Vajpayee Ekana Cricket Stadium, Lucknow",2024-05-05,235
1426291,"Himachal Pradesh Cricket Association Stadium, Dharamsala",2024-05-05,167
1426293,"Wankhede Stadium, Mumbai",2024-05-06,173
1426294,"Arun Jaitley Stadium, Delhi",2024-05-07,221
1426295,"Rajiv Gandhi International Stadium, Uppal, Hyderabad",2024-05-08,165
1426296,"Himachal Pradesh Cricket Association Stadium, Dharamsala",2024-05-09,241
1426297,"Narendra Modi Stadium, Ahmedabad",2024-05-10,231
1426298,"Eden Gardens, Kolkata",2024-05-11,157
1426299,"MA Chidambaram Stadium, Chepauk, Chennai",2024-05-12,141
1426300,"M Chinnaswamy Stadium, Bengaluru",2024-05-12,187
1426302,"Arun Jaitley Stadium, Delhi",2024-05-14,208
1426303,"Barsapara Cricket Stadium, Guwahati",2024-05-15,144
1426305,"Wankhede Stadium, Mumbai",2024-05-17,214
1426306,"M Chinnaswamy Stadium, Bengaluru",2024-05-18,218
1426307,"Rajiv Gandhi International Stadium, Uppal, Hyderabad",2024-05-19,214
1426309,"Narendra Modi Stadium, Ahmedabad",2024-05-21,159
1426310,"Narendra Modi Stadium, Ahmedabad",2024-05-22,172
1426311,"MA Chidambaram Stadium, Chepauk, Chennai",2024-05-24,175
1426312,"MA Chidambaram Stadium, Chepauk, Chennai",2024-05-26,113
1473438,"Eden Gardens, Kolkata",2025-03-22,174
1473439,"Rajiv Gandhi International Stadium, Uppal, Hyderabad",2025-03-23,286
1473440,"MA Chidambaram Stadium, Chepauk, Chennai",2025-03-23,155
1473441,"Dr. Y.S. Rajasekhara Reddy ACA-VDCA Cricket Stadium, Visakhapatnam",2025-03-24,209
1473442,"Narendra Modi Stadium, Ahmedabad",2025-03-25,243
1473443,"Barsapara Cricket Stadium, Guwahati",2025-03-26,151
1473444,"Rajiv Gandhi International Stadium, Uppal, Hyderabad",2025-03-27,190
1473445,"MA Chidambaram Stadium, Chepauk, Chennai",2025-03-28,196
1473446,"Narendra Modi Stadium, Ahmedabad",2025-03-29,196
1473447,"Dr. Y.S. Rajasekhara Reddy ACA-VDCA Cricket Stadium, Visakhapatnam",2025-03-30,163
1473448,"Barsapara Cricket Stadium, Guwahati",2025-03-30,182
1473449,"Wankhede Stadium, Mumbai",2025-03-31,116
1473450,"Bharat Ratna Shri Atal Bihari Vajpayee Ekana Cricket Stadium, Lucknow",2025-04-01,171
1473451,"M Chinnaswamy Stadium, Bengaluru",2025-04-02,169
1473452,"Eden Gardens, Kolkata",2025-04-03,200
1473453,"Bharat Ratna Shri Atal Bihari Vajpayee Ekana Cricket Stadium, Lucknow",2025-04-04,203
1473454,"MA Chidambaram Stadium, Chepauk, Chennai",2025-04-05,183
1473455,"Maharaja Yadavindra Singh International Cricket Stadium, Mullanpur",2025-04-05,205
1473457,"Rajiv Gandhi International Stadium, Uppal, Hyderabad",2025-04-06,152
1473458,"Wankhede Stadium, Mumbai",2025-04-07,221
1473456,"Eden Gardens, Kolkata",2025-04-08,238
1473459,"Maharaja Yadavindra Singh International Cricket Stadium, Mullanpur",2025-04-08,219
1473460,"Narendra Modi Stadium, Ahmedabad",2025-04-09,217
1473461,"M Chinnaswamy Stadium, Bengaluru",2025-04-10,163
1473462,"MA Chidambaram Stadium, Chepauk, Chennai",2025-04-11,103
1473464,"Rajiv Gandhi International Stadium, Uppal, Hyderabad",2025-04-12,245
1473463,"Bharat Ratna Shri Atal Bihari Vajpayee Ekana Cricket Stadium, Lucknow",2025-04-12,180
1473465,"Sawai Mansingh Stadium, Jaipur",2025-04-13,173
1473466,"Arun Jaitley Stadium, Delhi",2025-04-13,205
1473467,"Bharat Ratna Shri Atal Bihari Vajpayee Ekana Cricket Stadium, Lucknow",2025-04-14,166
1473468,"Maharaja Yadavindra Singh International Cricket Stadium, Mullanpur",2025-04-15,111
1473470,"Wankhede Stadium, Mumbai",2025-04-17,162
1473471,"M Chinnaswamy Stadium, Bengaluru",2025-04-18,95
1473473,"Sawai Mansingh Stadium, Jaipur",2025-04-19,180
1473472,"Narendra Modi Stadium, Ahmedabad",2025-04-19,203
1473474,"Maharaja Yadavindra Singh International Cricket Stadium, Mullanpur",2025-04-20,157
1473475,"Wankhede Stadium, Mumbai",2025-04-20,176
1473476,"Eden Gardens, Kolkata",2025-04-21,198
1473477,"Bharat Ratna Shri Atal Bihari Vajpayee Ekana Cricket Stadium, Lucknow",2025-04-22,159
1473478,"Rajiv Gandhi International Stadium, Uppal, Hyderabad",2025-04-23,143
1473479,"M Chinnaswamy Stadium, Bengaluru",2025-04-24,205
1473480,"MA Chidambaram Stadium, Chepauk, Chennai",2025-04-25,154
1473483,"Arun Jaitley Stadium, Delhi",2025-04-27,162
1473482,"Wankhede Stadium, Mumbai",2025-04-27,215
1473484,"Sawai Mansingh Stadium, Jaipur",2025-04-28,209
1473485,"Arun Jaitley Stadium, Delhi",2025-04-29,204
1473486,"MA Chidambaram Stadium, Chepauk, Chennai",2025-04-30,190
1473487,"Sawai Mansingh Stadium, Jaipur",2025-05-01,217
1473488,"Narendra Modi Stadium, Ahmedabad",2025-05-02,224
1473489,"M Chinnaswamy Stadium, Bengaluru",2025-05-03,213
1473490,"Eden Gardens, Kolkata",2025-05-04,206
1473491,"Himachal Pradesh Cricket Association Stadium, Dharamsala",2025-05-04,236
1473493,"Wankhede Stadium, Mumbai",2025-05-06,155
1473494,"Eden Gardens, Kolkata",2025-05-07,179
1473497,"Sawai Mansingh Stadium, Jaipur",2025-05-18,219
1473498,"Arun Jaitley Stadium, Delhi",2025-05-18,199
1473499,"Bharat Ratna Shri Atal Bihari Vajpayee Ekana Cricket Stadium, Lucknow",2025-05-19,205
1473500,"Arun Jaitley Stadium, Delhi",2025-05-20,187
1473501,"Wankhede Stadium, Mumbai",2025-05-21,180
1473502,"Narendra Modi Stadium, Ahmedabad",2025-05-22,235
1473503,"Bharat Ratna Shri Atal Bihari Vajpayee Ekana Cricket Stadium, Lucknow",2025-05-23,231
1485779,"Sawai Mansingh Stadium, Jaipur",2025-05-24,206
1473505,"Arun Jaitley Stadium, Delhi",2025-05-25,278
1473504,"Narendra Modi Stadium, Ahmedabad",2025-05-25,230
1473506,"Sawai Mansingh Stadium, Jaipur",2025-05-26,184
1473507,"Bharat Ratna Shri Atal Bihari Vajpayee Ekana Cricket Stadium, Lucknow",2025-05-27,227
1473508,"Maharaja Yadavindra Singh International Cricket Stadium, Mullanpur",2025-05-29,101
1473509,"Maharaja Yadavindra Singh International Cricket Stadium, New Chandigarh",2025-05-30,228
1473510,"Narendra Modi Stadium, Ahmedabad",2025-06-01,203
1473511,"Narendra Modi Stadium, Ahmedabad",2025-06-03,190
392190,,,150
419121,,,136
501265,,,56
598004,,,130
598017,,,152
729315,,,152
829741,,,191
829763,,,200
829813,,,187
1082625,,,153
1175365,,,185
1178424,,,62
1178426,,,162
1216493,,,157
1216512,,,163
1216517,,,176
1216547,,,201
1254077,,,159
1359519,,,125
1473469,,,188
1473481,,,201
1473492,,,133
1473495,,,122
